{
    "Arango Single Read Query": [
      605.3746920004487,
      608.6234470009804,
      643.7411800026894,
      691.6749749965966,
      745.0105179995298,
      754.4168529994786,
      855.0502329990268,
      920.6387429982424,
      1056.451724998653,
      1104.8775569982827
    ],
    "Arango Single Write Query": [
      2393.813490998,
      2360.627909999341,
      2856.1224140003324,
      3280.1118270009756,
      3281.6338789984584,
      4296.073063999414,
      4716.207993999124,
      4906.285365000367,
      4904.075789000839,
      4925.694373000413
    ],
    "Arango Aggregation Query": [
      597.2281889989972,
      575.7579260021448,
      631.81187800318,
      714.8554049991071,
      806.4337510019541,
      845.7192519977689,
      865.2970760017633,
      946.1944859996438,
      1382.7604809999466,
      1400.0497860014439
    ],
    "Arango Distinct Neighbours Second Order": [
      2395.7521100006998,
      2857.903513997793,
      2858.6316369995475,
      3283.2668659985065,
      4296.259701997042,
      4298.7430079989135,
      4718.741946000606,
      4718.035193998367,
      4907.642225001007,
      4927.947623997927
    ],
    "Mongo Single Read Query Mongo": [
      10779.557282999158,
      11291.591120000929,
      11446.27034600079,
      11583.150573000312,
      15296.505503002554,
      15302.921067997813,
      15308.887945000082,
      15319.25675600022,
      15301.03922900185,
      16689.422050997615
    ],
    "Mongo Single Write Query Mongo": [
      10624.02208999917,
      10782.161038998514,
      10968.785679001361,
      11158.646766997874,
      11269.498583000153,
      11436.450619000942,
      11575.063766002655,
      14889.575066000223,
      15112.855271000415,
      15295.719856001437
    ],
    "Mongo Aggregation Query Mongo": [
      3272.260260000825,
      3287.191361002624,
      3277.1338469982147,
      4286.52411999926,
      4285.981874000281,
      4694.515994999558,
      4703.432275999337,
      4718.35861799866,
      4701.260570999235,
      5374.1340640001
    ],
    "Mongo Distinct Neighbours Second Order Mongo": [
      1723973.3968170024,
      1724240.6040729992,
      1724693.8078159988,
      1726757.9858820029,
      1728913.653072998,
      1729102.8068300001,
      1729477.021017,
      1729707.8265170008,
      1729920.4919600002,
      1730436.9349620007
    ]
  }